directory	path	bytes	sha256	proposed_knowledge_path
2026-10-04-b9-scratch-confirmation	MANIFEST_ja.md	1782	6b6fa7e7dc24ff4a790df1ace67600e647e7002aabbe6a4b0609c5a7dd3e2742	14-evidence/artifacts/2026-10-05-b9-tooling-migration/scratch/initial-confirmation/MANIFEST_ja.md
2026-10-04-b9-scratch-confirmation	SHA256SUMS	768	770bf270a82af0dfa4aa866d45c6ed41660f5d7ad6070ce4e1dbe22cc1da87d1	14-evidence/artifacts/2026-10-05-b9-tooling-migration/scratch/initial-confirmation/SHA256SUMS
2026-10-04-b9-scratch-confirmation	materials/ASSESSMENT_ja.md	19036	a97d952ba2c252466b87a94fae7eb9d4cd2582e13a7f5b393fe1515dac3699aa	14-evidence/artifacts/2026-10-05-b9-tooling-migration/scratch/initial-confirmation/materials/ASSESSMENT_ja.md
2026-10-04-b9-scratch-confirmation	materials/CONFIRMATION_ja.md	6740	6cb245ecfdf24b414d5123d2caa4b9c8c8a689b7db40d797c565f366edc042a8	14-evidence/artifacts/2026-10-05-b9-tooling-migration/scratch/initial-confirmation/materials/CONFIRMATION_ja.md
2026-10-04-b9-scratch-confirmation	materials/audit-contracts.cjs	3736	986f481cd1c510cf988cb2df6b4d9c3d80541abeeb5ea5c639ad2448912b5961	14-evidence/artifacts/2026-10-05-b9-tooling-migration/scratch/initial-confirmation/materials/audit-contracts.cjs
2026-10-04-b9-scratch-confirmation	materials/audit-fixtures.py	833	211f34d20afc16d9cf6c308bc11ed8ee635c6f53898b545bf69d057b82be6099	14-evidence/artifacts/2026-10-05-b9-tooling-migration/scratch/initial-confirmation/materials/audit-fixtures.py
2026-10-04-b9-scratch-confirmation	materials/b8-fixtures-baseline.json	2822	36afc76b707d12a534de9daea5887d23e2be294a75b2c08331a31a23ffc6d6d6	14-evidence/artifacts/2026-10-05-b9-tooling-migration/scratch/initial-confirmation/materials/b8-fixtures-baseline.json
2026-10-04-b9-scratch-confirmation	materials/contracts-audit-result.json	757	26605187d122e0cb01bd133891ba9fdc04a7caabea3f8d3d3df1c70397845078	14-evidence/artifacts/2026-10-05-b9-tooling-migration/scratch/initial-confirmation/materials/contracts-audit-result.json
2026-10-04-b9-scratch-confirmation	materials/fixtures-audit-result.json	208	20c3f16fc46e10dadf7ba78fc63d3f85d7f8c06983982e5d84078c1071850127	14-evidence/artifacts/2026-10-05-b9-tooling-migration/scratch/initial-confirmation/materials/fixtures-audit-result.json
2026-10-05-b9-tooling-migration	INVENTORY.json	7046	a64b2431b0bc94d45bd65b7b5a6cd5f9fc26b5d70972e96c46724bbfdd26ab8a	14-evidence/artifacts/2026-10-05-b9-tooling-migration/scratch/INVENTORY.json
2026-10-05-b9-tooling-migration	MANIFEST_ja.md	2582	9b32b2a6aec19fae511aa7b49e866d3d480848b1a82e1322b6c8e9ff765af901	14-evidence/artifacts/2026-10-05-b9-tooling-migration/scratch/MANIFEST_ja.md
2026-10-05-b9-tooling-migration	SHA256SUMS	4616	ebc7bc6ac5cd6ec3ec53262999e63025bb3eac36df32d1755be11073ea4d29d7	14-evidence/artifacts/2026-10-05-b9-tooling-migration/scratch/SHA256SUMS
2026-10-05-b9-tooling-migration	materials/CONFIRMATION_ja.md	11146	db1b2042bef00c0111f7f8854592c4ac6b6e815f6c86f5e0944fa376388c6187	14-evidence/artifacts/2026-10-05-b9-tooling-migration/scratch/materials/CONFIRMATION_ja.md
2026-10-05-b9-tooling-migration	materials/FIXTURE_IDENTITIES_ja.md	1991	ad9479a8a5904853294fc6b3b2fdfb0ef7f840d9accf6abbb56537d6f64ba188	14-evidence/artifacts/2026-10-05-b9-tooling-migration/scratch/materials/FIXTURE_IDENTITIES_ja.md
2026-10-05-b9-tooling-migration	materials/NEW_FIXTURE_ja.md	1683	b3f9fb7252f69313ddb3e6088251f7fc8bd8f71d78b093edbc181d1eaceeb33d	14-evidence/artifacts/2026-10-05-b9-tooling-migration/scratch/materials/NEW_FIXTURE_ja.md
2026-10-05-b9-tooling-migration	materials/before-migration/wirescope-app.manifest.json	2321	3b27b1daa2cd76e14b73645780a55f54d5ef14a7c642ae7f86a29a2eba5748bd	14-evidence/artifacts/2026-10-05-b9-tooling-migration/scratch/materials/before-migration/wirescope-app.manifest.json
2026-10-05-b9-tooling-migration	materials/consumer-source-identity.json	3397	f1f8db7aab67c83653d52fd974cfe03df504b5eefa6d855b3602999f6e5a0a04	14-evidence/artifacts/2026-10-05-b9-tooling-migration/scratch/materials/consumer-source-identity.json
2026-10-05-b9-tooling-migration	materials/final-wirescope-app.manifest.json	2339	c654f7d1f0be2773d6737e889279b2587317088717f162b082c82be9cff910d7	14-evidence/artifacts/2026-10-05-b9-tooling-migration/scratch/materials/final-wirescope-app.manifest.json
2026-10-05-b9-tooling-migration	materials/fixture-import-identity.json	3284	5e35e70c813a4c998ac7037920b182ba9ffa086b3ac6e52b685bb8bd3b8bf064	14-evidence/artifacts/2026-10-05-b9-tooling-migration/scratch/materials/fixture-import-identity.json
2026-10-05-b9-tooling-migration	materials/logs/b9-consumer-block-value.log	4314	d4e0c809b8d53ef5b33e1e1d3b840d8acbea51d28964853c62852863b9742a82	14-evidence/artifacts/2026-10-05-b9-tooling-migration/scratch/materials/logs/b9-consumer-block-value.log
2026-10-05-b9-tooling-migration	materials/logs/b9-consumer-event.log	3081	681e1a042fce76e9772afc0aa508c9130b70a92070f49a404b3d47c3a63b72c4	14-evidence/artifacts/2026-10-05-b9-tooling-migration/scratch/materials/logs/b9-consumer-event.log
2026-10-05-b9-tooling-migration	materials/logs/b9-consumer-extension.log	61254	67c667064a8d98a5912719906608c2414db87cef1c4335a4d82b1b216656e20a	14-evidence/artifacts/2026-10-05-b9-tooling-migration/scratch/materials/logs/b9-consumer-extension.log
2026-10-05-b9-tooling-migration	materials/logs/b9-consumer-glue-tests.log	596	2af5f310a0e7d5512bb018691468d01ba1bc1f644bc6c395a9e788f115441cc5	14-evidence/artifacts/2026-10-05-b9-tooling-migration/scratch/materials/logs/b9-consumer-glue-tests.log
2026-10-05-b9-tooling-migration	materials/logs/b9-consumer-gui-source.log	480818	0f25f617c09a90463af181e0e910f125a905746ef9edc2cc02f1855cef844804	14-evidence/artifacts/2026-10-05-b9-tooling-migration/scratch/materials/logs/b9-consumer-gui-source.log
2026-10-05-b9-tooling-migration	materials/logs/b9-consumer-gui-target.log	2716	a9cad9468a99b01e3f6b2f49caade106a3cdef41f9d0e8211d277abf30e45ba2	14-evidence/artifacts/2026-10-05-b9-tooling-migration/scratch/materials/logs/b9-consumer-gui-target.log
2026-10-05-b9-tooling-migration	materials/logs/b9-consumer-sign.log	3684	f398db2879aaf0e511543ff042c9b2f556128aba6795ec62160b9c8bbf2313a0	14-evidence/artifacts/2026-10-05-b9-tooling-migration/scratch/materials/logs/b9-consumer-sign.log
2026-10-05-b9-tooling-migration	materials/logs/b9-final-candidate-verification.log	2018	1c3aee813c9ef574c6fcdd739ab0961535f829e5292f7682ba5ecf4cc90c8e81	14-evidence/artifacts/2026-10-05-b9-tooling-migration/scratch/materials/logs/b9-final-candidate-verification.log
2026-10-05-b9-tooling-migration	materials/logs/b9-gui-ci-job.log	950214	ad20ec7ca1c6f3f773ba022347c98a5563d258694d5be509df0c4a87f10c8bca	14-evidence/artifacts/2026-10-05-b9-tooling-migration/scratch/materials/logs/b9-gui-ci-job.log
2026-10-05-b9-tooling-migration	materials/logs/b9-gui-lint-final.log	2191	fcd8f9772367820488eca44ddac62c82f0d90e46e53eaeabb649cadfe55dcb45	14-evidence/artifacts/2026-10-05-b9-tooling-migration/scratch/materials/logs/b9-gui-lint-final.log
2026-10-05-b9-tooling-migration	materials/logs/b9-gui-real-mock-lint.log	668	8ce1810d23224dd308fd6939681e40b800f3bd6cbce34c25f8fb052120c319cd	14-evidence/artifacts/2026-10-05-b9-tooling-migration/scratch/materials/logs/b9-gui-real-mock-lint.log
2026-10-05-b9-tooling-migration	materials/logs/b9-gui-runtime-isolated-before.log	2450	394898c9e9306e0198f39840686440d021c69ee5b06a020a24316e3f0448e2fd	14-evidence/artifacts/2026-10-05-b9-tooling-migration/scratch/materials/logs/b9-gui-runtime-isolated-before.log
2026-10-05-b9-tooling-migration	materials/logs/b9-gui-unit-after-real-mock.log	493050	16028d3ad3dffacd6271ceb30434ddfc46bcc70d6ae885af37d1e6d60b1f86c5	14-evidence/artifacts/2026-10-05-b9-tooling-migration/scratch/materials/logs/b9-gui-unit-after-real-mock.log
2026-10-05-b9-tooling-migration	materials/logs/b9-gui-unit-real-mock.log	487336	e867acaabd76f60eaaab14ca7c67da0fbc2124721f7d3a128f4062f5e9b99dc9	14-evidence/artifacts/2026-10-05-b9-tooling-migration/scratch/materials/logs/b9-gui-unit-real-mock.log
2026-10-05-b9-tooling-migration	materials/logs/b9-scratch-consumer-build.log	323455	dcc9eb736e310cf89ae4b0bd01eb83ebd3e13603ec5c12578737b308caafe5ee	14-evidence/artifacts/2026-10-05-b9-tooling-migration/scratch/materials/logs/b9-scratch-consumer-build.log
2026-10-05-b9-tooling-migration	materials/logs/b9-tooling-build.log	1631	e60530e2008044fa559bb42f8853e8ba61ef2607a71e1fed71fbf11d9c2eb19a	14-evidence/artifacts/2026-10-05-b9-tooling-migration/scratch/materials/logs/b9-tooling-build.log
2026-10-05-b9-tooling-migration	materials/logs/b9-tooling-tests.log	1345	769216bc463e3b4e0278407d55c4f105a4f5592c0c3f50b69dd90d5e4989e18e	14-evidence/artifacts/2026-10-05-b9-tooling-migration/scratch/materials/logs/b9-tooling-tests.log
2026-10-05-b9-tooling-migration	materials/logs/b9-vm-lint-final.log	96715	7014a13596a9e0d0ba71e2bb71a7cd031ea4d409032e3531a4228bc3fd3d51ae	14-evidence/artifacts/2026-10-05-b9-tooling-migration/scratch/materials/logs/b9-vm-lint-final.log
2026-10-05-b9-tooling-migration	materials/scratch-candidate-artifact.json	749	4121eaa7d1c55bae1dcc5a672bb8409cf8c2c81666da4542c1a05ce0a0727b51	14-evidence/artifacts/2026-10-05-b9-tooling-migration/scratch/materials/scratch-candidate-artifact.json
2026-10-05-b9-tooling-migration	materials/scratch-candidate-manifest.json	1821	239f7f94cf31e732eff173744da105408b00b182d0aad73507623ea09b43bc6b	14-evidence/artifacts/2026-10-05-b9-tooling-migration/scratch/materials/scratch-candidate-manifest.json
2026-10-05-b9-tooling-migration	materials/scratch-candidate-run.json	12594	d1e200a8f02da3c2973a0c0dee38a1e2255d6520fef026b7fc7c70e29e8bbd58	14-evidence/artifacts/2026-10-05-b9-tooling-migration/scratch/materials/scratch-candidate-run.json
2026-10-05-b9-tooling-migration	materials/scratch-candidate-verification.json	2018	1c3aee813c9ef574c6fcdd739ab0961535f829e5292f7682ba5ecf4cc90c8e81	14-evidence/artifacts/2026-10-05-b9-tooling-migration/scratch/materials/scratch-candidate-verification.json
2026-10-05-b9-tooling-migration	materials/scratch-ci-run.json	12744	e0dd9099d7d599f6fc89a41cecfc8953c1317c9e9467b0507731b469b476d164	14-evidence/artifacts/2026-10-05-b9-tooling-migration/scratch/materials/scratch-ci-run.json
2026-10-05-b9-tooling-migration	materials/source-move-comparison.json	33819	5fa6472d0273c5ab075e6771306d50b1a82e823e532682de43cd11c74037bfb5	14-evidence/artifacts/2026-10-05-b9-tooling-migration/scratch/materials/source-move-comparison.json
2026-10-05-b9-tooling-migration	materials/tooling-actions-permissions.json	69	0bffee97e4ad52676c0127aacb5b4b304a2675f5c524de641acf1326e0b0e857	14-evidence/artifacts/2026-10-05-b9-tooling-migration/scratch/materials/tooling-actions-permissions.json
2026-10-05-b9-tooling-migration	materials/tooling-candidate-artifact.json	747	be3ac4df00a1587ed1732b9e2e7eaf3328bcbcc957b5b9ab4b8fe7333111b16b	14-evidence/artifacts/2026-10-05-b9-tooling-migration/scratch/materials/tooling-candidate-artifact.json
2026-10-05-b9-tooling-migration	materials/tooling-candidate-run.json	13509	73d35d7f37fc026b0b7b6601602664cfcaccbc384a346f27c322de75fd7985d7	14-evidence/artifacts/2026-10-05-b9-tooling-migration/scratch/materials/tooling-candidate-run.json
2026-10-05-b9-tooling-migration	materials/tooling-lock.json	3763	5bd219b9c68eb804f0ff5ce5dd0973b5d38d68c4dfcb941e2fb9dd0772cb6c3c	14-evidence/artifacts/2026-10-05-b9-tooling-migration/scratch/materials/tooling-lock.json
2026-10-05-b9-tooling-migration	materials/tooling-main-protection.json	1362	6bfcde78035f9cda05311c34029a1e74056d4304f9e8c98b81114c0cfdb229ec	14-evidence/artifacts/2026-10-05-b9-tooling-migration/scratch/materials/tooling-main-protection.json
2026-10-05-b9-tooling-migration	materials/tooling-workflow-permissions.json	80	f6e178fc1e56cf43900da383f85398b61de9ae61c6b8433116c1856605745924	14-evidence/artifacts/2026-10-05-b9-tooling-migration/scratch/materials/tooling-workflow-permissions.json
2026-10-05-b9-tooling-migration	materials/verify-candidate.py	6032	f916d0fefc824f1aa04860d7da8cce553a3e4a98e2f9ae428335481a759076db	14-evidence/artifacts/2026-10-05-b9-tooling-migration/scratch/materials/verify-candidate.py
2026-10-05-b9-tooling-migration	materials/wirescope-asset-comparison.json	399	ed96b7545c60eee2c2b66358fe9c8a5c7234ae6746027d67315572e8d40a672e	14-evidence/artifacts/2026-10-05-b9-tooling-migration/scratch/materials/wirescope-asset-comparison.json
2026-10-05-b9-tooling-migration	materials/wirescope-final-asset-comparison.json	1093	9690ff29933e3a75dbdbce00f0d4a831259ede32fbcc89016c612ee11fb02d83	14-evidence/artifacts/2026-10-05-b9-tooling-migration/scratch/materials/wirescope-final-asset-comparison.json
2026-10-05-b9-release	INVENTORY.json	13341	8bf96aa13d90dd55718a18fe5152ef9e948be3dba4a23fddb0616753ee57ebdd	14-evidence/artifacts/2026-10-05-b9-release/scratch/INVENTORY.json
2026-10-05-b9-release	MANIFEST_ja.md	3842	0801d01956b78cc5b1ef8d928254399c7c5f87c94be512134f53e44a834df96f	14-evidence/artifacts/2026-10-05-b9-release/scratch/MANIFEST_ja.md
2026-10-05-b9-release	SHA256SUMS	8094	b49fcbf96d36cce8239d6cf43801e248277c6a581da5da1fcb54abd2e90a7f9e	14-evidence/artifacts/2026-10-05-b9-release/scratch/SHA256SUMS
2026-10-05-b9-release	artifacts/published-comparison/bridge-index.json	1609	5828304c9bb1d60df8672f9189f503790050e09358bd375f39e4d59d190eb84f	14-evidence/artifacts/2026-10-05-b9-release/scratch/artifacts/published-comparison/bridge-index.json
2026-10-05-b9-release	artifacts/published-comparison/published-oci-comparison.json	7469	12417d60f77bf724448ddc1b3ed75418eec22d60ce38bb5b5a32dd8071d62520	14-evidence/artifacts/2026-10-05-b9-release/scratch/artifacts/published-comparison/published-oci-comparison.json
2026-10-05-b9-release	artifacts/published-comparison/release.json	8927	1160adc38634ddbb92894e0e8a800a74fb899835d65d126bfe19579f6d99eb3e	14-evidence/artifacts/2026-10-05-b9-release/scratch/artifacts/published-comparison/release.json
2026-10-05-b9-release	artifacts/published-comparison/scratch-index.json	1611	f44e7a6c1a3b041aba787eba5e052a3ae78ce4ce733732bc7213207a3b17f607	14-evidence/artifacts/2026-10-05-b9-release/scratch/artifacts/published-comparison/scratch-index.json
2026-10-05-b9-release	materials/CONFIRMATION_ja.md	5379	bca04a5fc7affc3a2a12048df64bea9e7694c2d71f38855f4142ff830c4a87da	14-evidence/artifacts/2026-10-05-b9-release/scratch/materials/CONFIRMATION_ja.md
2026-10-05-b9-release	materials/PUBLICATION_ja.md	8127	799bf82cc664e0925a95cfba3634b81c6b827504c4bc55844113b636b6d18d67	14-evidence/artifacts/2026-10-05-b9-release/scratch/materials/PUBLICATION_ja.md
2026-10-05-b9-release	materials/PUBLISHED_ja.md	8037	84d3695096d6fb031fbb0161658632e916e4e1a32dd3ec353ec1cc5f87e5645d	14-evidence/artifacts/2026-10-05-b9-release/scratch/materials/PUBLISHED_ja.md
2026-10-05-b9-release	materials/RESUME_ja.md	2160	8d6c7671617d1e645d01403bff0e486a3da2e6fc95cdeaa7049ef1ba37eb6c64	14-evidence/artifacts/2026-10-05-b9-release/scratch/materials/RESUME_ja.md
2026-10-05-b9-release	materials/audit-release-inputs.py	4580	292001c5e19c321e2d4f7d61ef5ee94f90756956c4abe691a06a6352eefcb70d	14-evidence/artifacts/2026-10-05-b9-release/scratch/materials/audit-release-inputs.py
2026-10-05-b9-release	materials/compare-published-scratch-oci.py	8863	459c2cacabb671053c6879d1e0e6b4032b5e01c03180ea6f148bda45253ebc69	14-evidence/artifacts/2026-10-05-b9-release/scratch/materials/compare-published-scratch-oci.py
2026-10-05-b9-release	materials/compare-scratch-oci.py	7436	9fc7d7c3a2c8cf14c5c097065b812bbeb952cebfbd347133b47ed9345c520318	14-evidence/artifacts/2026-10-05-b9-release/scratch/materials/compare-scratch-oci.py
2026-10-05-b9-release	materials/comparison-artifacts.json	758	fdfafb1e4f528335c038b7873589a5edc07e697150cf6ed688994917325928eb	14-evidence/artifacts/2026-10-05-b9-release/scratch/materials/comparison-artifacts.json
2026-10-05-b9-release	materials/comparison-jobs.json	2428	6475efa37f445bc5c4a8f3083e371fc6d2670c733ba0f93c1482abdc7503ab7f	14-evidence/artifacts/2026-10-05-b9-release/scratch/materials/comparison-jobs.json
2026-10-05-b9-release	materials/copy-layer-authorization_ja.md	1338	700e8e6af9eeaed2a5c42f37ee8a4bcbc3d309685c8148d58c8c38c5b3239e3a	14-evidence/artifacts/2026-10-05-b9-release/scratch/materials/copy-layer-authorization_ja.md
2026-10-05-b9-release	materials/copy-layer-inspection.json	926622	eff7ec6ab01fc81ef02d460f802811648bfe59fd2768d2508531c8b47b47f271	14-evidence/artifacts/2026-10-05-b9-release/scratch/materials/copy-layer-inspection.json
2026-10-05-b9-release	materials/fixed-publication-jobs.json	8633	51267af0aa5426c3db8730205e2bf5e55607a836f57932ee80e83829bd4407b0	14-evidence/artifacts/2026-10-05-b9-release/scratch/materials/fixed-publication-jobs.json
2026-10-05-b9-release	materials/frozen-candidate-workflow.yml	3073	ab7f16cafbe75dc37bb45bb2fd84d49c3e178984cfe04ded60abede38a2d4e21	14-evidence/artifacts/2026-10-05-b9-release/scratch/materials/frozen-candidate-workflow.yml
2026-10-05-b9-release	materials/frozen-release-workflow.yml	15994	2139c11e985b5ed29030b324f868ad9c61cffbfe82321d3269400ecf377d113b	14-evidence/artifacts/2026-10-05-b9-release/scratch/materials/frozen-release-workflow.yml
2026-10-05-b9-release	materials/inspect-copy-layer.py	5236	f738cf79da3d01e2cf9518b92840c29a42c2d9bc8f44483a6ad1fae72a2fddae	14-evidence/artifacts/2026-10-05-b9-release/scratch/materials/inspect-copy-layer.py
2026-10-05-b9-release	materials/preflight-artifacts.json	1540	d089a406dc7cd0c853307095cd3644b913bb0f27cb8e8d7ad6cbd9097e226a6b	14-evidence/artifacts/2026-10-05-b9-release/scratch/materials/preflight-artifacts.json
2026-10-05-b9-release	materials/preflight-dispatch.json	38	c363fd561acb3e9d61f0ba044ac32239652c802160af8b5f11adfa6dab74947b	14-evidence/artifacts/2026-10-05-b9-release/scratch/materials/preflight-dispatch.json
2026-10-05-b9-release	materials/preflight-packaging-scope-comparison.json	7469	29bcad22b6b3ca700b85113251fc830d3ea8d9ea0ee20171fa4573e637f7fe65	14-evidence/artifacts/2026-10-05-b9-release/scratch/materials/preflight-packaging-scope-comparison.json
2026-10-05-b9-release	materials/preflight-runs.json	12648	37c67695d09ca7d171695cedf6b9a18f9f0462f5c8a94a34a31db50f8e033357	14-evidence/artifacts/2026-10-05-b9-release/scratch/materials/preflight-runs.json
2026-10-05-b9-release	materials/published-comparison-artifacts.json	937	64ce0b471aa401e32ac6b4e4eaaed74957072ae6e10bb7c039217a9e3e5c35f0	14-evidence/artifacts/2026-10-05-b9-release/scratch/materials/published-comparison-artifacts.json
2026-10-05-b9-release	materials/published-comparison-dispatch.json	42	f26d0a0b15cc8cabf94c6b55083751ab77c7bcb1adbef03e133afed99beecc04	14-evidence/artifacts/2026-10-05-b9-release/scratch/materials/published-comparison-dispatch.json
2026-10-05-b9-release	materials/published-comparison-jobs.json	3685	7e02ed64a128ff56482e6606da833fe7cc0ac48db364570fd8987bc1158a98ca	14-evidence/artifacts/2026-10-05-b9-release/scratch/materials/published-comparison-jobs.json
2026-10-05-b9-release	materials/published-comparison-run.json	13960	02caa5237adb3e49f5bf928ef20aa14190d6421dbb465ecf6398ce5794ba6108	14-evidence/artifacts/2026-10-05-b9-release/scratch/materials/published-comparison-run.json
2026-10-05-b9-release	materials/published-comparison-workflow.yml	4066	0c5dbd9a278c3bf9ccb0139c7063d82f2dd039b1a867095abaaf6532698039a1	14-evidence/artifacts/2026-10-05-b9-release/scratch/materials/published-comparison-workflow.yml
2026-10-05-b9-release	materials/rebuilt-candidate-manifest.json	1821	40cae50ae0c1b2070adb3891fdc0b27e7db4c6c54cad23ad6155c0b78fd06ea3	14-evidence/artifacts/2026-10-05-b9-release/scratch/materials/rebuilt-candidate-manifest.json
2026-10-05-b9-release	materials/release-input-audit.json	1561	da65711535c1ef8b2912e39263d984cb9254805acb81f7fae5cc949850ab1d4f	14-evidence/artifacts/2026-10-05-b9-release/scratch/materials/release-input-audit.json
2026-10-05-b9-release	materials/scratch-b9-release-request.json	1000	e39986605d2e2aeb2f60d77e4c29fee5bf7bf52b1402529c98e5898229200748	14-evidence/artifacts/2026-10-05-b9-release/scratch/materials/scratch-b9-release-request.json
2026-10-05-b9-release	materials/scratch-b9-release-response.json	2835	42fc73f9b13cda0d9b8d9d0ad965d1e303a27ee5809e97d634eb2a7abf6abc3b	14-evidence/artifacts/2026-10-05-b9-release/scratch/materials/scratch-b9-release-response.json
2026-10-05-b9-release	materials/scratch-b9-tag-ref-request.json	90	4cee869aabe9b811e54765c0826637347c22816df7a2ac2f86ffac1ed7daa330	14-evidence/artifacts/2026-10-05-b9-release/scratch/materials/scratch-b9-tag-ref-request.json
2026-10-05-b9-release	materials/scratch-b9-tag-ref-response.json	399	356e6b70c13ff7f43fe5a460484398b1ab32a0864e1fd5ce980520633653f69f	14-evidence/artifacts/2026-10-05-b9-release/scratch/materials/scratch-b9-tag-ref-response.json
2026-10-05-b9-release	materials/scratch-b9-tag-refs.json	2	4f53cda18c2baa0c0354bb5f9a3ecbe5ed12ab4d8e11ba873c2f11161202b945	14-evidence/artifacts/2026-10-05-b9-release/scratch/materials/scratch-b9-tag-refs.json
2026-10-05-b9-release	materials/scratch-b9-tag-request.json	148	ccb7cf55576d6a85ada3d63961f73b459ce09be3419c663601c63d81c8cbc3db	14-evidence/artifacts/2026-10-05-b9-release/scratch/materials/scratch-b9-tag-request.json
2026-10-05-b9-release	materials/scratch-b9-tag-response.json	827	c0871f86c40dfd3ed8c407ad340294e39d60a6bb1a9753fa2f06f0053cad5961	14-evidence/artifacts/2026-10-05-b9-release/scratch/materials/scratch-b9-tag-response.json
2026-10-05-b9-release	materials/scratch-develop-ref.json	356	f846df291f842da62d560f386963b07a3cea6911bcb44854835c4ea3ff59fb19	14-evidence/artifacts/2026-10-05-b9-release/scratch/materials/scratch-develop-ref.json
2026-10-05-b9-release	materials/scratch-develop-resume.json	6459	6f80f7db59002efb18601050e316a8020e1108ab5f8963ac9dcabc51856b24d4	14-evidence/artifacts/2026-10-05-b9-release/scratch/materials/scratch-develop-resume.json
2026-10-05-b9-release	materials/scratch-frozen-resume.json	6459	6f80f7db59002efb18601050e316a8020e1108ab5f8963ac9dcabc51856b24d4	14-evidence/artifacts/2026-10-05-b9-release/scratch/materials/scratch-frozen-resume.json
2026-10-05-b9-release	materials/scratch-oci-comparison-ci.json	10414	9ebbc8b57475be90ebf6b6eecd7d7976bf9eb3ce8b51cb327880870adf534397	14-evidence/artifacts/2026-10-05-b9-release/scratch/materials/scratch-oci-comparison-ci.json
2026-10-05-b9-release	materials/scratch-oci-comparison.json	10410	c68f43c17ebdd9e03cc6da9caff24bcff3e93129b2417bdd093d83008363c2fb	14-evidence/artifacts/2026-10-05-b9-release/scratch/materials/scratch-oci-comparison.json
2026-10-05-b9-release	materials/scratch-release-final-provider.json	11697	94e5d0ff4fd316f573a57aa4221f99039385025ad76c1004ad38845c7ae2afac	14-evidence/artifacts/2026-10-05-b9-release/scratch/materials/scratch-release-final-provider.json
2026-10-05-b9-release	materials/scratch-release-notes-request.json	1330	b68356515df64184d7e5a80c34a510fbbf4da576585936c4c9209980eafac2c0	14-evidence/artifacts/2026-10-05-b9-release/scratch/materials/scratch-release-notes-request.json
2026-10-05-b9-release	materials/scratch-release-notes_ja.md	1303	086139bed86888de906d5141fdeb349c7b651ac71e353997622bb136950c68b2	14-evidence/artifacts/2026-10-05-b9-release/scratch/materials/scratch-release-notes_ja.md
2026-10-05-b9-release	materials/scratch-release-public-identity.json	2916	d9e09ed7b3f625b6be18ba26cc9b1ae7a348ba06dea101526f62e17642871b5a	14-evidence/artifacts/2026-10-05-b9-release/scratch/materials/scratch-release-public-identity.json
2026-10-05-b9-release	materials/scratch-release-public-provider.json	10705	aafb9a2f7a6a519aa58db2f736b453653a30cdb7fe038806987f6023e53050dc	14-evidence/artifacts/2026-10-05-b9-release/scratch/materials/scratch-release-public-provider.json
2026-10-05-b9-release	materials/scratch-release-workflow.json	13911	5220ac98787fdbb668b59137724e9c9d9b5b2c5b954bc10d83c131a009973192	14-evidence/artifacts/2026-10-05-b9-release/scratch/materials/scratch-release-workflow.json
2026-10-05-b9-release	materials/scratch-releases-resume.json	56958	df1874ca6306be426747cc9136b05d297983aa238856afe326cb6bfc6acd04d9	14-evidence/artifacts/2026-10-05-b9-release/scratch/materials/scratch-releases-resume.json
2026-10-05-b9-release	materials/tooling-b9-tag-refs.json	2	4f53cda18c2baa0c0354bb5f9a3ecbe5ed12ab4d8e11ba873c2f11161202b945	14-evidence/artifacts/2026-10-05-b9-release/scratch/materials/tooling-b9-tag-refs.json
2026-10-05-b9-release	materials/tooling-main-ref.json	366	2e09dfc8c75dbfdad487b980958f2a77b61f7e259708ddfe1e0d52b001ba977f	14-evidence/artifacts/2026-10-05-b9-release/scratch/materials/tooling-main-ref.json
2026-10-05-b9-release	materials/tooling-release-draft.json	2936	499db8744fd4569f5d8817f12b6f1e81b2510500ad20663502dc548a23b9f496	14-evidence/artifacts/2026-10-05-b9-release/scratch/materials/tooling-release-draft.json
2026-10-05-b9-release	materials/tooling-release-identity.json	1071	0cd406ea1ead5a4a117b95cfc41c12d196744de51e997bb99ba8f64272bf5c24	14-evidence/artifacts/2026-10-05-b9-release/scratch/materials/tooling-release-identity.json
2026-10-05-b9-release	materials/tooling-release-notes_ja.md	1169	35e660f699998cbce1e35107ab67827bf772f34b974bbfd5c622dd317bb53d50	14-evidence/artifacts/2026-10-05-b9-release/scratch/materials/tooling-release-notes_ja.md
2026-10-05-b9-release	materials/tooling-release-publish-request.json	61	10c9a267f9468e460b416cd7e588b542bb01a2ef1197ee17d79ac038c08dba1e	14-evidence/artifacts/2026-10-05-b9-release/scratch/materials/tooling-release-publish-request.json
2026-10-05-b9-release	materials/tooling-release-published.json	7630	2d2c7a768368ee6a85880945e69b04188fd33ba5be2d36fe8848db1c76aa9ef2	14-evidence/artifacts/2026-10-05-b9-release/scratch/materials/tooling-release-published.json
2026-10-05-b9-release	materials/tooling-release-request.json	1386	c96ef046477ed51284a9dc4a1776fa97d8d0a1ea7ff3315f8b954616bfdba1c8	14-evidence/artifacts/2026-10-05-b9-release/scratch/materials/tooling-release-request.json
2026-10-05-b9-release	materials/tooling-release-uploaded.json	7521	8029e6aeb8ecdcf7dd3ce8fb71643d380073678b04590c46f5cbc300f6f9c63a	14-evidence/artifacts/2026-10-05-b9-release/scratch/materials/tooling-release-uploaded.json
2026-10-05-b9-release	materials/tooling-tag-object-request.json	138	4f42c209001108d62af3dac306fa78ffc87e2d74237f782bd2f577a03b603286	14-evidence/artifacts/2026-10-05-b9-release/scratch/materials/tooling-tag-object-request.json
2026-10-05-b9-release	materials/tooling-tag-object.json	738	5dd27a5f09cfc035d17cd126296a887a2bb77d9e6f92e050be1702ee42ffe39e	14-evidence/artifacts/2026-10-05-b9-release/scratch/materials/tooling-tag-object.json
2026-10-05-b9-release	materials/tooling-tag-ref-created.json	380	c6df9fff2ced8048350659745fa8fe799d1fd8530a8514c9efc79a2449bf708d	14-evidence/artifacts/2026-10-05-b9-release/scratch/materials/tooling-tag-ref-created.json
2026-10-05-b9-release	materials/tooling-tag-ref-request.json	84	1aed732ecb05ddf0467ce758ee5d37e489d222e19b36443cfb76a5b2bd28493c	14-evidence/artifacts/2026-10-05-b9-release/scratch/materials/tooling-tag-ref-request.json
2026-10-05-b9-release	materials/tooling-tag-target-verified.json	51	27da2e1288b2b4fc8902196bb2bff96ed7c991ebf6e866c7b80434845da4e2fc	14-evidence/artifacts/2026-10-05-b9-release/scratch/materials/tooling-tag-target-verified.json
2026-10-05-b9-release	materials/verify-published-release.py	3099	9433236e93bdc105b574e9405484a85197ed27d502f7828747cb7129cc3e4c8f	14-evidence/artifacts/2026-10-05-b9-release/scratch/materials/verify-published-release.py
2026-10-05-b9-scratch-dev	materials/picker-door.png	59644	dacaf7691205f693a9f1b5ecb271c3845d3b4c91e3a8e28fd1a47c25f56bd67c	14-evidence/artifacts/2026-10-05-b9-dev-live/scratch/segment-3/materials/picker-door.png
2026-10-05-b9-scratch-dev	materials/picker-gold.png	59232	b687d991ab96f952180659e267863dd69e1fc049244047f883ea4c37cd7e1723	14-evidence/artifacts/2026-10-05-b9-dev-live/scratch/segment-3/materials/picker-gold.png
2026-10-05-b9-scratch-dev	materials/wirescope-b9-columns.png	162322	45906eefbd1a8418bb2241e2135f7010676aa8156d306c1bbc6f51a7721588e4	14-evidence/artifacts/2026-10-05-b9-dev-live/scratch/segment-3/materials/wirescope-b9-columns.png
2026-10-05-b9-scratch-dev	materials/wirescope-b9.png	345206	f30946eff47e11b22c01136b4cdcb811b46bbcd2c3fe3272df1288e23c00c9eb	14-evidence/artifacts/2026-10-05-b9-dev-live/scratch/segment-3/materials/wirescope-b9.png
2026-09-30-block-picker-names	MANIFEST_ja.md	1809	30c6c053b60e0a7a8b9727fcd15e1532ca2606ca5984845fddd30fffa7c0a7fd	14-evidence/artifacts/2026-10-03-b8-dev-live/scratch/2026-09-30-block-picker-names/MANIFEST_ja.md
2026-09-30-block-picker-names	materials/block-picker-door-long.png	152364	c4920d0f68e370c831d01d5e9b50d602e6a8a26f18a8099fe518f8f28492ea1c	14-evidence/artifacts/2026-10-03-b8-dev-live/scratch/2026-09-30-block-picker-names/materials/block-picker-door-long.png
2026-09-30-block-picker-names	materials/block-picker-door.png	139152	03c0c2b2d9638a90bf36d532990dcee2e19101fc38cd2e9a4d366bd5f1c232de	14-evidence/artifacts/2026-10-03-b8-dev-live/scratch/2026-09-30-block-picker-names/materials/block-picker-door.png
2026-09-30-block-picker-names	materials/block-picker-gold.png	139968	66b9f0e4863ad3827a47e1b84f814a7868b5547460c41938ca11fdf5a88f42e9	14-evidence/artifacts/2026-10-03-b8-dev-live/scratch/2026-09-30-block-picker-names/materials/block-picker-gold.png
2026-09-30-block-picker-names	materials/block-picker.png	123222	bd93772a42f21055b5ea695ae85a047f66de9a986516730881d692272e377cf7	14-evidence/artifacts/2026-10-03-b8-dev-live/scratch/2026-09-30-block-picker-names/materials/block-picker.png
2026-09-30-block-picker-names	materials/browser-smoke.cjs	6171	11735659aa9eebd06702b033f6abf13465597b8640173b339018426b3e195246	14-evidence/artifacts/2026-10-03-b8-dev-live/scratch/2026-09-30-block-picker-names/materials/browser-smoke.cjs
2026-09-30-block-picker-names	materials/browser-smoke.log	581	35b6eacadcf3511762146ad807d317a744adb4faea7bd5a83bae2b50750520b8	14-evidence/artifacts/2026-10-03-b8-dev-live/scratch/2026-09-30-block-picker-names/materials/browser-smoke.log
2026-09-30-block-picker-names	materials/knowledge-handoff_ja.md	3057	65fbd6ece453e2da951b6a1f1eb6ccbff9e22c9694de46517a5eadcf886a0fd7	14-evidence/artifacts/2026-10-03-b8-dev-live/scratch/2026-09-30-block-picker-names/materials/knowledge-handoff_ja.md
2026-10-01-b8-local-playtest	MANIFEST_ja.md	3856	a99218d5b4bbd08c2fd708344366e6098b71e9e433d80e26b8234a70d4545a24	14-evidence/artifacts/2026-10-03-b8-dev-live/scratch/2026-10-01-b8-local-playtest/MANIFEST_ja.md
2026-10-01-b8-local-playtest	materials/catalog-lists.png	91580	2803545b169284fb193440383adbf2eaa85df5c4ca57e0af6aee3dac8b1f348a	14-evidence/artifacts/2026-10-03-b8-dev-live/scratch/2026-10-01-b8-local-playtest/materials/catalog-lists.png
2026-10-01-b8-local-playtest	materials/scratch-ready.png	154746	09633da228716f98d590bfc4e054de59a25459639eb535eeda52e432647076b4	14-evidence/artifacts/2026-10-03-b8-dev-live/scratch/2026-10-01-b8-local-playtest/materials/scratch-ready.png
2026-10-01-b8-local-playtest	materials/ui-check-2.log	5270	f27db3339e9858c27da897d1bb245150468bc4f79229782dd8ad0e9efcd2ef42	14-evidence/artifacts/2026-10-03-b8-dev-live/scratch/2026-10-01-b8-local-playtest/materials/ui-check-2.log
2026-10-01-b8-local-playtest	materials/ui-check-final.log	146	67f4cf4c70afd72fb446a90ecbf1d267c69f59f5c30f7144559a887ba5d6d3ef	14-evidence/artifacts/2026-10-03-b8-dev-live/scratch/2026-10-01-b8-local-playtest/materials/ui-check-final.log
2026-10-01-b8-local-playtest	materials/ui-check.log	155	4c7671213d9a74c66422190e30a3cc8b64e202acecbe9bd1ed0c20a1585c9187	14-evidence/artifacts/2026-10-03-b8-dev-live/scratch/2026-10-01-b8-local-playtest/materials/ui-check.log
2026-10-03-wirescope-column-width	GATE-ADDENDUM_ja.md	5344	a790a045cb5eee7332b025e8063de6be8017a382455296f2c47ec26e1c5b01e5	14-evidence/artifacts/2026-10-03-b8-dev-live/scratch/2026-10-03-wirescope-column-width/GATE-ADDENDUM_ja.md
2026-10-03-wirescope-column-width	MANIFEST_ja.md	2648	9d8e0289f0541f667f0265fd442fd03d120d680bd113ecb39407ae337628ae10	14-evidence/artifacts/2026-10-03-b8-dev-live/scratch/2026-10-03-wirescope-column-width/MANIFEST_ja.md
2026-10-03-wirescope-column-width	materials/artifact-build.log	488	c6b34180ea55736da6d0c2c4e02d8faa1b320fdc8ce1a96ccd95ac346c8c9254	14-evidence/artifacts/2026-10-03-b8-dev-live/scratch/2026-10-03-wirescope-column-width/materials/artifact-build.log
2026-10-03-wirescope-column-width	materials/artifact-identities.json	820	906c03ddd82a9d93a2c099ad847f07bb65c2fc3de9af10668867c5d39eca5089	14-evidence/artifacts/2026-10-03-b8-dev-live/scratch/2026-10-03-wirescope-column-width/materials/artifact-identities.json
2026-10-03-wirescope-column-width	materials/build.log	844	1d3f35e460fdf8717bd2c70fd9cdd53ead2b5619542f5044dee071419ff4cd4f	14-evidence/artifacts/2026-10-03-b8-dev-live/scratch/2026-10-03-wirescope-column-width/materials/build.log
2026-10-03-wirescope-column-width	materials/column-measurements.json	7225	557970478d00abf5a1eae490c959abb946ec7ccd835f3095582fd89187b4b876	14-evidence/artifacts/2026-10-03-b8-dev-live/scratch/2026-10-03-wirescope-column-width/materials/column-measurements.json
2026-10-03-wirescope-column-width	materials/column-width.patch	1804	d5604b85332f8cd1eb57c4bfc666b0105d08442a63308f684d0f68dc60530a29	14-evidence/artifacts/2026-10-03-b8-dev-live/scratch/2026-10-03-wirescope-column-width/materials/column-width.patch
2026-10-03-wirescope-column-width	materials/columns-after.png	66150	429503376ed53cd162ef8dece84cce9b5d277dedb2a9a7a1f8b9a7144c10bd9d	14-evidence/artifacts/2026-10-03-b8-dev-live/scratch/2026-10-03-wirescope-column-width/materials/columns-after.png
2026-10-03-wirescope-column-width	materials/columns-before.png	66978	5c821b27e80f9c9e75f9a2008f0a9dbaa1314a4d88a0edde1c7c20e7087fb19d	14-evidence/artifacts/2026-10-03-b8-dev-live/scratch/2026-10-03-wirescope-column-width/materials/columns-before.png
2026-10-03-wirescope-column-width	materials/full-build.log	720	7b7f7b54967fe15b4e5012ca045fc44599920f052e4cb99ae68c2db2a0e0f5fb	14-evidence/artifacts/2026-10-03-b8-dev-live/scratch/2026-10-03-wirescope-column-width/materials/full-build.log
2026-10-03-wirescope-column-width	materials/preview-columns.cjs	8553	d0988c9a038fd07d3c6e24a15c740141b4f858cffd1280a380866540726372c7	14-evidence/artifacts/2026-10-03-b8-dev-live/scratch/2026-10-03-wirescope-column-width/materials/preview-columns.cjs
2026-10-03-wirescope-column-width	materials/test.log	465	c4ed9f5f6832d3c535ef9b17c63f7d00db4678ff6e000528557620d1d013cefa	14-evidence/artifacts/2026-10-03-b8-dev-live/scratch/2026-10-03-wirescope-column-width/materials/test.log
2026-10-03-wirescope-column-width	materials/verify-artifacts.py	2328	9fb4d6bcc75d83b6d1bc7644d820c49b2f2955911d70a6f6f260200793bd781c	14-evidence/artifacts/2026-10-03-b8-dev-live/scratch/2026-10-03-wirescope-column-width/materials/verify-artifacts.py
2026-10-03-wirescope-column-width	materials/wirescope-app.manifest.json	2321	5588cdb1abd8d65004a393bc91b83cc6e947ef425125c0ec18c84a5ca2508fb4	14-evidence/artifacts/2026-10-03-b8-dev-live/scratch/2026-10-03-wirescope-column-width/materials/wirescope-app.manifest.json
